school,algorithm,attribute,field,ari,n_used,n_classes_attr,n_communities
Duke14,louvain,dorm,dorm,0.061422982293443104,9885,136,13
Duke14,louvain,major,major_index,0.013474283229510609,9885,67,13
Duke14,louvain,year,year,0.38713825238872895,9885,24,13
Duke14,louvain,gender,gender,0.0030909795265194576,9885,3,13
Duke14,label_propagation,dorm,dorm,0.04616749405543513,9885,136,30
Duke14,label_propagation,major,major_index,-0.0038473865792918245,9885,67,30
Duke14,label_propagation,year,year,0.1065215983030192,9885,24,30
Duke14,label_propagation,gender,gender,-0.017467552704055447,9885,3,30
Rochester38,louvain,dorm,dorm,0.1556116189098036,4561,39,7
Rochester38,louvain,major,major_index,0.03152899158306966,4561,87,7
Rochester38,louvain,year,year,0.3387132193974041,4561,20,7
Rochester38,louvain,gender,gender,-0.0002470298500611223,4561,3,7
Rochester38,label_propagation,dorm,dorm,0.08068683041061483,4561,39,9
Rochester38,label_propagation,major,major_index,0.014092393930714289,4561,87,9
Rochester38,label_propagation,year,year,0.14320225686877686,4561,20,9
Rochester38,label_propagation,gender,gender,-0.013496027907619444,4561,3,9
Lehigh96,louvain,dorm,dorm,0.14920583221407632,5073,53,7
Lehigh96,louvain,major,major_index,0.015942179533921387,5073,70,7
Lehigh96,louvain,year,year,0.36359222076534436,5073,18,7
Lehigh96,louvain,gender,gender,0.004486520563393871,5073,3,7
Lehigh96,label_propagation,dorm,dorm,0.12682709441190834,5073,53,3
Lehigh96,label_propagation,major,major_index,-0.0035350348678733256,5073,70,3
Lehigh96,label_propagation,year,year,0.17011953044793576,5073,18,3
Lehigh96,label_propagation,gender,gender,-0.020427657773932163,5073,3,3
