school,metric,fraction,k,precision,recall
Brandeis99,adamic_adar,0.05,50,0.96,0.0069787728990985
Brandeis99,common_neighbors,0.05,50,0.96,0.0069787728990985
Brandeis99,jaccard,0.05,50,1.0,0.0072695551032276
Brandeis99,adamic_adar,0.05,100,0.97,0.0141029369002617
Brandeis99,common_neighbors,0.05,100,0.96,0.0139575457981971
Brandeis99,jaccard,0.05,100,1.0,0.0145391102064553
Brandeis99,adamic_adar,0.05,200,0.97,0.0282058738005234
Brandeis99,common_neighbors,0.05,200,0.96,0.0279150915963943
Brandeis99,jaccard,0.05,200,1.0,0.0290782204129107
Brandeis99,adamic_adar,0.05,300,0.9666666666666668,0.0421634195987205
Brandeis99,common_neighbors,0.05,300,0.97,0.0423088107007851
Brandeis99,jaccard,0.05,300,0.9833333333333332,0.0428903751090433
Brandeis99,adamic_adar,0.05,400,0.9625,0.0559755742948531
Brandeis99,common_neighbors,0.05,400,0.9575,0.055684792090724
Brandeis99,jaccard,0.05,400,0.9825,0.0571387031113695
Brandeis99,adamic_adar,0.1,50,0.96,0.0034893864495492
Brandeis99,common_neighbors,0.1,50,1.0,0.0036347775516138
Brandeis99,jaccard,0.1,50,0.98,0.0035620820005815
Brandeis99,adamic_adar,0.1,100,0.96,0.0069787728990985
Brandeis99,common_neighbors,0.1,100,1.0,0.0072695551032276
Brandeis99,jaccard,0.1,100,0.95,0.0069060773480662
Brandeis99,adamic_adar,0.1,200,0.955,0.0138848502471648
Brandeis99,common_neighbors,0.1,200,0.99,0.0143937191043908
Brandeis99,jaccard,0.1,200,0.965,0.0140302413492294
Brandeis99,adamic_adar,0.1,300,0.96,0.0209363186972957
Brandeis99,common_neighbors,0.1,300,0.98,0.0213724920034893
Brandeis99,jaccard,0.1,300,0.97,0.0211544053503925
Brandeis99,adamic_adar,0.1,400,0.9575,0.027842396045362
Brandeis99,common_neighbors,0.1,400,0.975,0.0283512649025879
Brandeis99,jaccard,0.1,400,0.975,0.0283512649025879
Brandeis99,adamic_adar,0.15,50,0.96,0.0023262576330328
Brandeis99,common_neighbors,0.15,50,0.98,0.002374721333721
Brandeis99,jaccard,0.15,50,0.92,0.0022293302316564
Brandeis99,adamic_adar,0.15,100,0.97,0.0047009789667539
Brandeis99,common_neighbors,0.15,100,0.98,0.004749442667442
Brandeis99,jaccard,0.15,100,0.95,0.0046040515653775
Brandeis99,adamic_adar,0.15,200,0.955,0.0092565668314432
Brandeis99,common_neighbors,0.15,200,0.975,0.0094504216341959
Brandeis99,jaccard,0.15,200,0.96,0.0093050305321314
Brandeis99,adamic_adar,0.15,300,0.9666666666666668,0.0140544731995735
Brandeis99,common_neighbors,0.15,300,0.9833333333333332,0.0142967917030144
Brandeis99,jaccard,0.15,300,0.9633333333333334,0.0140060094988853
Brandeis99,adamic_adar,0.15,400,0.975,0.0189008432683919
Brandeis99,common_neighbors,0.15,400,0.9775,0.0189493069690801
Brandeis99,jaccard,0.15,400,0.9625,0.018658524764951
Brandeis99,adamic_adar,0.2,50,0.94,0.0017083454492585
Brandeis99,common_neighbors,0.2,50,0.98,0.0017810410002907
Brandeis99,jaccard,0.2,50,0.96,0.0017446932247746
Brandeis99,adamic_adar,0.2,100,0.96,0.0034893864495492
Brandeis99,common_neighbors,0.2,100,0.97,0.0035257342250654
Brandeis99,jaccard,0.2,100,0.96,0.0034893864495492
Brandeis99,adamic_adar,0.2,200,0.965,0.0070151206746147
Brandeis99,common_neighbors,0.2,200,0.975,0.0070878162256469
Brandeis99,jaccard,0.2,200,0.955,0.0069424251235824
Brandeis99,adamic_adar,0.2,300,0.9766666666666668,0.0106498982262285
Brandeis99,common_neighbors,0.2,300,0.98,0.0106862460017446
Brandeis99,jaccard,0.2,300,0.9566666666666668,0.0104318115731317
Brandeis99,adamic_adar,0.2,400,0.975,0.0141756324512939
Brandeis99,common_neighbors,0.2,400,0.98,0.0142483280023262
Brandeis99,jaccard,0.2,400,0.945,0.0137394591451003
Brown11,adamic_adar,0.05,50,1.0,0.00260064495995
Brown11,common_neighbors,0.05,50,0.98,0.002548632060751
Brown11,jaccard,0.05,50,1.0,0.00260064495995
Brown11,adamic_adar,0.05,100,0.99,0.0051492770207011
Brown11,common_neighbors,0.05,100,0.99,0.0051492770207011
Brown11,jaccard,0.05,100,0.98,0.0050972641215021
Brown11,adamic_adar,0.05,200,0.995,0.0103505669406012
Brown11,common_neighbors,0.05,200,0.995,0.0103505669406012
Brown11,jaccard,0.05,200,0.98,0.0101945282430042
Brown11,adamic_adar,0.05,300,0.9966666666666668,0.0155518568605014
Brown11,common_neighbors,0.05,300,0.9866666666666668,0.0153958181629044
Brown11,jaccard,0.05,300,0.98,0.0152917923645063
Brown11,adamic_adar,0.05,400,0.995,0.0207011338812025
Brown11,common_neighbors,0.05,400,0.985,0.0204930822844065
Brown11,jaccard,0.05,400,0.9825,0.0204410693852075
Brown11,adamic_adar,0.1,50,0.98,0.0012743160303755
Brown11,common_neighbors,0.1,50,1.0,0.001300322479975
Brown11,jaccard,0.1,50,0.98,0.0012743160303755
Brown11,adamic_adar,0.1,100,0.99,0.0025746385103505
Brown11,common_neighbors,0.1,100,0.99,0.0025746385103505
Brown11,jaccard,0.1,100,0.99,0.0025746385103505
Brown11,adamic_adar,0.1,200,0.995,0.0051752834703006
Brown11,common_neighbors,0.1,200,0.99,0.0051492770207011
Brown11,jaccard,0.1,200,0.99,0.0051492770207011
Brown11,adamic_adar,0.1,300,0.99,0.0077239155310517
Brown11,common_neighbors,0.1,300,0.9933333333333332,0.0077499219806512
Brown11,jaccard,0.1,300,0.9933333333333332,0.0077499219806512
Brown11,adamic_adar,0.1,400,0.99,0.0102985540414022
Brown11,common_neighbors,0.1,400,0.9925,0.0103245604910017
Brown11,jaccard,0.1,400,0.9925,0.0103245604910017
Brown11,adamic_adar,0.15,50,0.96,0.000832206387184
Brown11,common_neighbors,0.15,50,1.0,0.0008668816533166
Brown11,jaccard,0.15,50,1.0,0.0008668816533166
Brown11,adamic_adar,0.15,100,0.98,0.0016990880405007
Brown11,common_neighbors,0.15,100,0.99,0.001716425673567
Brown11,jaccard,0.15,100,1.0,0.0017337633066333
Brown11,adamic_adar,0.15,200,0.99,0.003432851347134
Brown11,common_neighbors,0.15,200,0.995,0.0034501889802004
Brown11,jaccard,0.15,200,0.995,0.0034501889802004
Brown11,adamic_adar,0.15,300,0.99,0.0051492770207011
Brown11,common_neighbors,0.15,300,0.9933333333333332,0.0051666146537674
Brown11,jaccard,0.15,300,0.9933333333333332,0.0051666146537674
Brown11,adamic_adar,0.15,400,0.99,0.0068657026942681
Brown11,common_neighbors,0.15,400,0.9925,0.0068830403273345
Brown11,jaccard,0.15,400,0.995,0.0069003779604008
Brown11,adamic_adar,0.2,50,0.96,0.000624154790388
Brown11,common_neighbors,0.2,50,0.98,0.0006371580151877
Brown11,jaccard,0.2,50,0.98,0.0006371580151877
Brown11,adamic_adar,0.2,100,0.98,0.0012743160303755
Brown11,common_neighbors,0.2,100,0.99,0.0012873192551752
Brown11,jaccard,0.2,100,0.97,0.0012613128055757
Brown11,adamic_adar,0.2,200,0.985,0.0025616352855508
Brown11,common_neighbors,0.2,200,0.99,0.0025746385103505
Brown11,jaccard,0.2,200,0.985,0.0025616352855508
Brown11,adamic_adar,0.2,300,0.9833333333333332,0.0038359513159263
Brown11,common_neighbors,0.2,300,0.9933333333333332,0.0038749609903256
Brown11,jaccard,0.2,300,0.9833333333333332,0.0038359513159263
Brown11,adamic_adar,0.2,400,0.985,0.0051232705711016
Brown11,common_neighbors,0.2,400,0.995,0.0051752834703006
Brown11,jaccard,0.2,400,0.985,0.0051232705711016
